{
	"lastData": "2012-05-23 19:00:00",
	"sunrise": 6.0071611318853,
	"sunset": 18.849897791328,
	"light": 4.6791028122197,
	"dark": 20.177956110993,
	"dataset": [{
		"order": [82932267, 82932268, 82932269, 82932270],
		"data":[]
	}]
}
